insul_thick,wwr,wall_thick,u_win_n,u_win_s,u_win_e,u_win_w,u_wall,u_roof,u_ground,shgc_n,shgc_s,shgc_e,shgc_w,window_type_id,roof_insul_thick,floor_num,public_area,room_area,room_count,building_length,building_width,aspect_ratio,floor_height,orientation_deg,equip_power,dhw_per_person,occupancy_density,light_power,cool_set,heat_set,dhw_temp,cop_cooling,cop_heating,boiler_eff,fan_eff,fresh_air_ach,operation_hours,sample_id,source_lhs_index,gross_floor_area_m2,footprint_area_m2,building_height_m,building_volume_m3,guestroom_total_area_m2,usable_area_m2,usable_area_ratio,geometry_feasible,estimated_people,daily_operation_hours,schedule_on_fraction,wall_R_m2K_W,roof_R_m2K_W,floor_R_m2K_W,glass_vt,ideal_cooling_supply_kwh,ideal_heating_supply_kwh,ideal_cooling_zone_kwh,ideal_heating_zone_kwh,ideal_cooling_load_kwh,ideal_heating_load_kwh,cooling_electricity_kwh,heating_electricity_kwh,lighting_electricity_kwh,equipment_electricity_kwh,fan_electricity_kwh,electricity_kwh,dhw_thermal_kwh,natural_gas_kwh,site_energy_kwh,eui_kwh_m2
0.11222058172783218,0.2873278255093056,0.28678142404056384,1.7310039308236531,1.3117984093879866,1.9381258001517079,0.8430064411916288,0.3962868980168838,0.3345156520262123,0.31713958987008717,0.22321438511605632,0.44982530939548837,0.480800206544431,0.41373343489306025,2,0.09341730220019279,13,126.6267448391423,22.901643368978466,209,40.16451522514043,16.250029520988075,2.4716579851910474,3.028822259484642,52.395643752083465,3.86676250856938,0.1008556971759996,0.1177794575094407,5.971611892588818,24.796960499019374,20.25953773248148,53.32816413053838,4.587854153271804,3.8059147135627542,0.8935452880023756,0.645824545385601,0.8182959404040883,2628.5930805398903,sample_0002,1,8484.76925536119,652.674558104707,39.37468937330035,25698.857987228905,4786.443464116499,4913.070208955642,0.5790458244755763,True,334.40000000000003,7.20162487819148,0.3000677032579783,2.3534243297071984,2.849396741057847,2.983185637938295,0.55,20485163.510717142,12712808.586600864,20485163.510717142,12712808.586600864,20485163.510717142,12712808.586600864,4465086.035071158,3340276.7910950584,133184.89440476577,86240.42648037184,14265.328735016772,8039053.475786371,548623.3780485216,613984.971343795,8653038.447130166,1019.8319113584206
0.0675498497495571,0.44869010111021135,0.22280745525194984,1.7741626203725773,1.986401220094995,0.9611613895342763,1.2711327363558576,0.2598535542363641,0.25095928757433894,0.2045406102373561,0.577175616987891,0.24084063054448435,0.2868962058206144,0.3154570774727241,2,0.08666789972564963,11,119.73168135009497,27.466865551799813,196,48.51135796334198,18.0,2.4559780408602645,2.8736681943098357,88.81518706682958,2.9178388328936316,0.14278557478638282,0.11212795609584314,5.4745780280677225,24.15139280931674,21.503018457440476,50.71928101297291,3.4990490425177008,4.022742843717286,0.8972950794077647,0.6400480451329745,1.0350190722448676,2740.2055987704543,sample_0009,8,9605.248876741713,873.2044433401556,31.610350137408194,27602.298195522933,5383.505648152764,5503.237329502858,0.5729406286211361,True,313.6,7.507412599371108,0.3128088583071295,3.678321424498951,3.844710068575489,4.7190046765753015,0.55,27793419.826019716,14781888.765852695,27793419.826019716,14781888.765852695,27793419.826019716,14781888.765852695,7943135.259979459,3674579.594104313,144092.84675243526,76798.5590196881,20385.10343592508,11858991.36329182,678816.9597491826,756514.7467399657,12615506.110031785,1313.3971094261965
0.06337439872230492,0.3137889973287006,0.20728429090241007,1.5462439251143536,1.9378360559932983,1.9729235645323595,1.7735797658691066,0.4428123920615098,0.282598678503381,0.2206204588435211,0.3023293809918337,0.3315001619865452,0.5570424859435755,0.49061588968472364,2,0.10690945014648265,11,104.20530237613619,23.837777283323724,230,47.424940246962386,16.562280697193938,2.86343053315099,3.160643268583187,62.54339272039796,3.153796199316095,0.1119004163834978,0.15023357766278717,6.33769580651409,24.55399159592055,21.398204911662027,45.681754031946085,4.43041570819099,4.000045355274164,0.9013981318206195,0.5655167788675595,1.0400931723279188,2126.47296817258,sample_0014,13,8640.116896596252,785.465172417841,34.767075954415056,27308.3273089988,5482.688775164456,5586.894077540593,0.6466225103669064,True,368.0,5.825953337459123,0.24274805572746347,2.0882927170229078,3.398586964722965,4.3626712003136,0.55,18023292.94914818,11043975.644433847,18023292.94914818,11043975.644433847,18023292.94914818,11043975.644433847,4068081.6736512026,2760962.6050544847,116442.32675305245,57944.618795973634,17800.42886876113,7021231.653123475,536227.7595735196,594884.4807238077,7616116.133847282,881.4829966996891
0.11872791090726686,0.539899238190837,0.25128980911424736,1.8022447443629324,1.2574882212705505,1.2887548601783303,0.810292754749329,0.4400332588033743,0.3272061286038992,0.3683433215868541,0.5737046041675484,0.2955880724308937,0.39407978461380955,0.3741708242131315,1,0.14744521584796982,10,134.83712767849096,26.233782337436665,216,45.02875648000624,15.105048757634519,2.981040127874293,3.2955404397265604,64.15272618363711,3.7864280701855995,0.1909037087757455,0.16867659214456782,4.767780423353232,25.370974460307806,19.37818615245656,47.19074103275232,4.694378292662624,4.118981058426854,0.8429756006177334,0.6655334879288591,1.1877054377749494,2117.835137535661,sample_0019,18,6801.615621261454,680.1615621261454,32.9554043972656,22414.999335343015,5666.496984886319,5801.33411256481,0.8529347195731228,True,345.6,5.802288048042907,0.2417620020017878,2.1025554943719444,2.9161774752408576,2.544858506710304,0.65,16011775.430093018,8224411.964659217,16011775.430093018,8224411.964659217,16011775.430093018,8224411.964659217,3410840.4631811706,1996710.314516555,68678.44930905444,54542.36252300592,14119.472157960432,5544891.061687747,901381.5439126376,1069285.449367816,6614176.511055563,972.4419725190045
0.07448745503700364,0.5160703945859239,0.2404484986579349,1.243753525440171,1.5245236003309703,1.1356068173964897,0.8812692929455295,0.27333075854654293,0.24960928756371428,0.1724362993967814,0.35274889917143926,0.4107693695275126,0.2628638109856403,0.3086790731173777,1,0.09144427495092572,7,134.4541866284258,28.15993357169301,134,48.210292657719435,18.0,2.0924591632209357,2.8362762449837318,0.300107627545213,2.9542650473489016,0.1903535932037314,0.20423497684971725,4.611094771848771,24.886775095590323,20.451362757204574,50.676006829972444,4.453167416423412,4.087717471245366,0.8984350217676643,0.6715522115368081,0.8288300074855357,2717.6961519738024,sample_0020,19,6074.496874872649,867.7852678389498,19.85393371488612,17228.95118642921,3773.4310986068635,3907.8852852352893,0.6433265776134287,True,214.4,7.4457428821200065,0.3102392867550003,3.488571048928324,3.866261184270813,5.6292429871100875,0.65,17640716.797358356,8653871.858957293,17640716.797358356,8653871.858957293,17640716.797358356,8653871.858957293,3961386.390347436,2117042.55977378,76122.88875591484,48770.88862449508,9631.505392530482,6212954.232894157,617947.6518346844,687804.5010076265,6900758.733901784,1136.0214477098496
0.06374824061320822,0.3796967505951459,0.20230268505592497,1.980085205068402,1.2103475532266106,1.3425140637575117,1.3855451601342512,0.5755951194213638,0.2700807732880419,0.29816544967921677,0.5348073300933112,0.38327849252139623,0.36561325928916555,0.629455005440691,2,0.10881040327431221,7,84.91578556285047,24.910256130185655,221,47.91848715777498,18.0,2.2386094332156428,3.0269947797458863,34.56640523930801,2.976084907739751,0.09607210835112726,0.19027947613612362,6.849322403245159,24.56518508659674,21.295610014785467,54.36737403996237,3.775044934433714,3.5288930792597037,0.8913359164111427,0.6375289195378191,1.0818231875658746,2905.616446013677,sample_0024,23,6037.729381879648,862.5327688399497,21.188963458221203,18276.17532046805,5505.16660477103,5590.08239033388,0.9258583876102098,True,353.6,7.960593002777197,0.33169137511571656,1.5673323126945264,3.562596033866865,3.183842643659272,0.55,18076373.375603,10318379.383115117,18076373.375603,10318379.383115117,18076373.375603,10318379.383115117,4788386.281371403,2923970.534488316,120159.89435107762,52210.42711092324,15018.57563098974,7899745.712952709,567591.146099249,636787.0245648653,8536532.737517575,1413.8647490789008
0.11666420236199926,0.594315288793235,0.2553776017492249,1.8730324756228884,1.3163598859351548,1.2566720670283664,1.4493358477200338,0.32007643081645876,0.3768867401056102,0.19183781791727186,0.32254272196945155,0.4257067961441279,0.31445355162599287,0.4742172563310458,3,0.08158128923414477,11,145.74274809280146,23.9778233379184,202,45.556011154540506,18.0,2.004405233446299,3.202707878980927,41.25531015383295,3.0654390309106407,0.12897449010760753,0.1527596164415415,4.787021708629809,24.418127610553846,21.070170941522207,51.409084606564804,3.3525838536726846,3.4153124070298606,0.9063506298706179,0.5635595006062949,0.8873051452641639,2414.7494665515155,sample_0026,25,9020.09020859902,820.0082007817291,35.2297866687902,28888.713980198794,4843.520314259517,4989.263062352319,0.553127845395156,True,323.20000000000005,6.615751963154837,0.2756563317981182,2.9542537835390617,2.5133170143364096,5.0427365232607055,0.45,25706348.829104383,12144203.945994444,25706348.829104383,12144203.945994444,25706348.829104383,12144203.945994444,7667622.929384338,3555810.5668452443,104267.35498042709,66769.11847519125,18305.528071397992,11412775.497756599,644131.4725148391,710686.8482088321,12123462.34596543,1344.0511198444453
0.07683983763350247,0.45201283351016736,0.26216167380874517,1.6276035247344838,1.4839935952098635,1.4647263371669554,0.9266329310136874,0.7569727004011215,0.33853504956007874,0.2726371700477205,0.2934425991343535,0.3006548853041517,0.6231450306263541,0.5531161549425876,3,0.08329498003619584,11,93.41216554677686,26.91143630842653,227,49.759476113026935,18.0,2.5541193085041347,2.9296632699376914,0.9628731512014765,3.0300970209730202,0.13254746891943722,0.16750302015192395,5.629639455647469,24.337351928226784,20.550842723989874,46.93973048511638,4.921116345469372,3.980703333790805,0.8225351098128351,0.6444194477827836,0.5660963574666116,2081.9021537184485,sample_0033,32,9852.376270379333,895.6705700344849,32.226295969314606,28864.144880936034,6108.896042012822,6202.308207559599,0.6295240901635601,True,363.20000000000005,5.703841517036845,0.23766006320986854,1.1510516039351193,2.813903890600058,3.4978784474800966,0.45,22054756.819958024,12306772.06121042,22054756.819958024,12306772.06121042,22054756.819958024,12306772.06121042,4481657.264669783,3091607.4445293415,115473.3820383588,62152.39069441769,8798.111911333912,7759688.593843236,652586.5426138666,793384.4219274243,8553073.01577066,868.1228549385633
0.11050731086252663,0.32375833094362205,0.24262286424253104,1.2450811468505718,1.5948436368386838,0.9260199367308851,1.519734949382335,0.5128965213484882,0.20584507916382797,0.3713141931266092,0.32020206284338043,0.4189922612931941,0.38861673231426835,0.600548073176224,2,0.10712721477330528,8,148.816743673574,24.5440989990178,233,49.31539605420892,18.0,2.0640339583877743,3.1697417913022323,17.16023492715104,3.575580016254044,0.18084892904593047,0.09750263102923828,4.57852721494469,25.163668508178553,21.416098459127667,54.153361019017154,4.996085080204693,2.2067073754040223,0.8879568197748795,0.6643240493271786,0.5928836373099259,2026.7062329509165,sample_0034,33,7101.417031806084,887.6771289757605,25.35793433041786,22509.6583431812,5718.775066771147,5867.591810444721,0.8262564758786504,True,372.8,5.5526198163038805,0.23135915901266169,1.7797110204039555,4.718022373243715,2.5231370211830932,0.55,13604971.237037404,8277745.073539887,13604971.237037404,8277745.073539887,13604971.237037404,8277745.073539887,2723126.411706343,3751174.7891014903,65896.38957951806,51461.48590200362,6785.751414727974,6598444.827704083,1120341.6496762435,1261707.3541484594,7860152.181852543,1106.8427817502068
0.06520596034181708,0.2546887477932854,0.23182713459711868,1.0737284432746417,1.8554321613905038,1.6030036242055163,1.3176613171871276,0.4551799840433143,0.21473182628429982,0.32929665948678144,0.5178000360294348,0.4096782220470683,0.23188972276567157,0.35766311406584367,1,0.08501586831935296,7,93.66906803814233,26.664300610629404,107,38.85657668564373,13.828911621051759,2.809807290003383,3.235798952985825,59.59679939377563,3.8273010067209547,0.14837957802714435,0.23142567646349116,6.347553737763411,25.775342425596428,19.35991790336748,54.21066751437532,3.036692839332539,2.8412123638021747,0.9003575106180872,0.6568261915670269,0.7790538037413024,2839.1970584370756,sample_0035,34,3761.409154176712,537.3441648823874,22.650592670900775,12171.163802836301,2853.080165337346,2946.7492333754885,0.7834162976137239,True,171.20000000000002,7.778622077909796,0.3241092532462415,2.026933158433525,4.516971522591271,2.8667754156951655,0.65,9282765.426293356,5996687.952499232,9282765.426293356,5996687.952499232,9282765.426293356,5996687.952499232,3056866.7683668975,2110608.847440861,67787.94990041932,40873.208737708315,6831.143103311613,5282967.9175491985,422738.41564384283,469522.84027001314,5752490.757819212,1529.344594546855
0.06624246517909763,0.4421010563986094,0.22668119550988547,0.9196949992283092,1.238111677392482,0.989185969525924,1.0346194677704559,0.7601922067736094,0.28492458647678226,0.3052222330673827,0.493291586608249,0.2490228036905326,0.4352866178071051,0.5585646423254451,1,0.08047912709499484,8,111.96811464197182,27.493125832455437,153,41.647181575884375,17.027070183335724,2.4459393851940647,2.848735594213143,11.81854210809792,3.629052179016598,0.1697491534007311,0.14056657673363615,6.60803267246223,25.228014163364687,19.455597625258235,54.862636509990395,4.621053121131322,4.157274135025841,0.9206780292319096,0.5980329650053581,0.8354595191919225,2619.0116650887267,sample_0040,39,5673.035869045678,709.1294836307097,22.789884753705145,16160.979207398314,4206.448252365682,4318.416367007653,0.7612178852192063,True,244.8,7.175374424900621,0.29897393437085923,1.1454567898613135,3.3697006276834145,3.106301303317029,0.65,15194195.542929998,8430882.239533696,15194195.542929998,8430882.239533696,15194195.542929998,8430882.239533696,3288037.4115262646,2027983.232691315,98180.47839160428,53919.53955203149,9854.943565381143,5477975.605726596,703031.2623709494,763601.6501419769,6241577.255868573,1100.218190039143
0.08275497617980197,0.5518367162392945,0.24686018183544872,1.375807738463731,1.198313683360789,1.5537576919827059,1.3540919900075599,0.7474511658302883,0.22373277830588245,0.39843963219014333,0.2619727685232634,0.2557574100322894,0.6459268192506347,0.4938998653005662,3,0.10114226954264523,9,109.56970331810383,26.186206749624045,219,38.74247844511286,18.0,2.0952879787459575,3.084944327948426,54.629382256734885,3.8367711694953375,0.1333006346879451,0.13458057775286625,6.090514674238506,24.74070837367729,20.200284927829692,48.09788269430007,4.82555062238973,2.5445301221242183,0.868004616898415,0.6547477856271795,0.6050432339328524,2304.9188477182875,sample_0054,53,6276.281508108283,697.3646120120314,27.764498951535835,19361.97903904624,5734.779278167666,5844.34898148577,0.9311801859007596,True,350.40000000000003,6.314846158132294,0.2631185899221789,1.1678800458343976,4.329617762636561,2.339790490728041,0.45,16506924.278355831,8438664.195288124,16506924.278355831,8438664.195288124,16506924.278355831,8438664.195288124,3420733.83330941,3316393.907824278,88107.3314504875,55503.95774601204,6873.319067648049,6887612.349397835,656124.2884921748,755899.5375354816,7643511.886933317,1217.840830921736
0.11812354538540155,0.46025791024168095,0.20321402468717942,1.9747170150723319,1.796599452331138,1.9979440982237981,1.2377661237347761,0.7381398493840703,0.3010950774319489,0.15970191694535532,0.6258190005364533,0.39358656023327965,0.36018437549520343,0.4476419586017054,1,0.09725137428279201,8,143.35251721495536,23.626338469511936,165,43.661062457381426,15.88188741379075,2.749110437558519,2.8784672264525146,26.543643869935426,2.5455424869815935,0.08991479800552511,0.15221637382286834,6.743376258377877,25.097597510517204,21.29089140747091,46.798359500025114,4.007206451878063,3.2580705826350655,0.8737038963971675,0.638961124196983,0.5163134729078899,2653.3603805823464,sample_0056,55,5547.360626516943,693.4200783146179,23.027737811620117,15967.895756742108,3898.3458474694694,4041.6983646844246,0.7285804253223955,True,264.0,7.269480494746154,0.3028950206144231,1.1847568266832296,3.1812100593906654,6.091665602562346,0.65,16202631.532977575,9061924.327535447,16202631.532977575,9061924.327535447,16202631.532977575,9061924.327535447,4043373.2894854634,2781377.5354757155,99256.74577063211,37468.213814225564,5705.999125424758,6967181.783671462,320353.447867768,366661.3473841509,7333843.131055613,1322.0418906964699
0.1182871899049493,0.3717545508115775,0.288836096139653,1.2049849277039892,1.649493540281823,0.9544557661216692,1.1809839240512237,0.6813325452340333,0.4483100875712213,0.27179276222578236,0.29131983145012286,0.23522010954868652,0.21742237603654588,0.6095680139476303,1,0.14651134244090086,17,142.95026362595192,29.938941596374598,225,45.88863294855295,15.56241779323382,2.9486827534282156,3.1251760025699817,40.448166276008585,3.7032710319739652,0.15889527161173328,0.12329997874326742,4.3210321595019066,25.79184098784537,20.57398709028373,51.874387851444666,3.387414428218513,3.3133707554846312,0.9109228597113987,0.6632972114269972,0.8993684499639985,2004.0701279006214,sample_0058,57,12140.347324397515,714.1380779057362,53.12799204368969,37940.7221210718,6736.261859184285,6879.212122810237,0.566640470737243,True,360.0,5.490603090138689,0.22877512875577868,1.2977120695247377,2.090598926331618,3.5092738401520966,0.65,22790504.71086548,14796463.812569674,22790504.71086548,14796463.812569674,22790504.71086548,14796463.812569674,6727994.225038273,4465683.107776891,105131.1765850564,90100.9819953892,17182.9107216881,11406092.402117297,895216.0945960305,982757.3049156496,12388849.707032947,1020.4691328835409
0.08764381249259354,0.5057378103808232,0.22963833983451643,0.928881478041825,1.6857906056825098,1.6456977215702686,1.6751419555920417,0.41446918072876676,0.37453327057092667,0.18756982044115467,0.47561340486156783,0.37345644979592596,0.3437620621907116,0.42873881256964336,3,0.12851583002230632,7,119.96905325835559,22.03556716921205,139,40.25306779524717,15.134181496501089,2.659745279554985,3.152691743274355,83.30235017329238,3.3435839391459323,0.1856134228157592,0.0985200200626403,6.777708238666831,25.42501399961608,21.99949183307286,48.61584925217755,3.650495037301973,2.8017084950965425,0.9043198212088631,0.6482100061863,0.6857087700561164,2585.3146863756015,sample_0066,65,4264.380636629636,609.1972338042336,22.068842202920486,13444.27762328129,3062.943836520475,3182.9128897788305,0.746395118305962,True,222.4,7.08305393527562,0.2951272473031508,2.242724628262315,2.529989767466136,5.161348068938015,0.45,12075619.772818321,6561712.81101557,12075619.772818321,6561712.81101557,12075619.772818321,6561712.81101557,3307940.3339617285,2342039.802677424,74722.64658965223,36862.23015654364,6128.068456854653,5767693.081842204,588949.2018436799,651262.0734735121,6418955.155315716,1505.2491093733493
0.0715136546381005,0.3188759445295748,0.2322686999696446,1.0854814077974075,1.2852833093844278,1.5374194826098335,1.9686036071199429,0.569449237947382,0.4273177096240804,0.2234666266851066,0.21676561836652505,0.21973108597740215,0.555132784959385,0.2639825384561796,3,0.14243084424995583,9,98.14715240399772,25.16346265360748,169,46.4128184312498,17.051629720046215,2.7218992667126725,3.0409019683501586,23.539277001951984,3.0998763834955287,0.15102933519458756,0.19425223680275425,5.113278012408964,25.126227181609387,19.29981404179126,48.12451326700618,4.204928098806841,2.7156301071168856,0.9458791839147946,0.6323126304341427,0.5191535929392599,2828.1236093015323,sample_0067,66,7122.727747380671,791.4141941534078,27.368117715151428,21659.516827032174,4252.625188459664,4350.772340863662,0.6108295157657297,True,270.40000000000003,7.748283861100089,0.32284516087917037,1.586082778518709,2.2001791628990035,4.3049411347634,0.45,18403596.76319441,11625427.723752225,18403596.76319441,11625427.723752225,18403596.76319441,11625427.723752225,4376673.35344366,4280931.962451485,103001.63965335433,62443.76884024049,8382.236467062514,8831432.960855803,574125.8364050039,606975.865595031,9438408.826450834,1325.111552933037
0.09753646691216161,0.37857315582832085,0.2736466520393434,1.8645482302842291,1.6814413440148488,1.0949335483150067,1.3449501329750753,0.6191467669983195,0.3057992936115302,0.17402154831492986,0.36378588596733796,0.2522666723703807,0.25963169184601065,0.6161758939669287,1,0.1315465957117355,14,107.62172512262177,29.044716891622475,180,41.384773677821975,13.833523619271805,2.99162923466353,3.0561872669166377,77.55624574897891,3.7606066775157503,0.15652963459900832,0.12478160019383082,6.368913175396061,24.30055194828056,21.438321018010008,52.46623277646619,4.241588799354957,4.170089997519235,0.931694841402435,0.6341503655457114,0.6928940198565214,2969.7556231157455,sample_0073,72,8014.9614181051575,572.4972441503684,42.78662173683293,24495.223030841098,5228.049040492046,5335.670765614667,0.6657138428092508,True,288.0,8.136316775659576,0.33901319898581567,1.445125933465004,3.13011873765262,5.5764147956566985,0.65,23815942.98490239,14423454.525804523,23815942.98490239,14423454.525804523,23815942.98490239,14423454.525804523,5614863.701197113,3458787.3485668083,151595.90771946023,89511.75297163813,13247.240686590605,9328005.951141609,716834.1285167213,769387.246405385,10097393.197546994,1259.8180665895397
0.052210599963753636,0.30497074389080037,0.29381740764848946,0.8018163062240802,1.378434233431917,1.8307541769674365,1.5226211867384896,0.31082475515286795,0.21541645839288695,0.3406602606157577,0.36802643576854377,0.30489264223820306,0.6224495889512922,0.45422482980555456,2,0.11387213121175493,6,105.14097429136825,28.748655954015778,79,37.15066957518938,17.118455510426706,2.170211532959923,3.1228117637908728,83.18088995987351,3.85167483492738,0.0878964371606867,0.1319236260594222,5.207231821364971,24.85663618911943,21.877644617539985,45.04940954559105,4.8975205300833915,3.570859799367187,0.923481779575023,0.628022654719187,0.7026473346760752,2762.039106282472,sample_0078,77,3815.7725058326546,635.9620843054424,18.736870582745237,11915.93926916399,2271.1438203672465,2376.284794658615,0.6227532671369455,True,126.4,7.567230428171156,0.3153012678404648,3.0472469644774147,4.502170832537558,2.7654759436643945,0.55,9925945.61815674,5989039.77490807,9925945.61815674,5989039.77490807,9925945.61815674,5989039.77490807,2026728.7410406687,1677198.2411545317,54880.64541336434,40594.00620420593,6137.1812115731045,3805538.815024344,141691.5254482431,153431.85819372433,3958970.673218068,1037.527962468026
0.0859941774248837,0.5918216754620466,0.2618646946524024,1.8903629841399414,1.6750269203903372,0.948005737189783,1.752012493638132,0.3835010077178188,0.2772619756191671,0.15725874057980155,0.6195310882137578,0.23233890324416193,0.5381999817320251,0.49487611896680916,1,0.11083461314039726,12,118.83496483041853,22.451145244899447,174,36.28677063192757,13.071059576954335,2.776115464725216,3.2715586531680083,16.06349806529301,2.6937023205899253,0.18740278897142823,0.17599588594907895,6.94259487978088,25.593605055645096,21.58397379333607,51.91441414400391,4.791415655149268,2.598162079301439,0.8921494639990574,0.6245511036332175,0.8697614947623683,2444.3810633444145,sample_0083,82,5691.678489422426,474.3065407852021,39.2587038380161,18620.660013120156,3906.499272612504,4025.334237442922,0.707231486269598,True,278.40000000000003,6.696934420121684,0.2790389341717368,2.437555077758239,3.4666972319837646,6.188947021406077,0.65,16584225.603341093,8095887.8031872185,16584225.603341093,8095887.8031872185,16584225.603341093,8095887.8031872185,3461237.095036465,3116005.6825107457,96589.76156541852,37476.4867285771,10564.402218128213,6721873.428059335,817392.8769095219,916206.2074728608,7638079.635532196,1341.9731366989572
0.07019253182941312,0.5747199678391204,0.2148388401409283,1.193677897306255,1.125079371531298,1.386459944647147,1.1135283129670726,0.472547291809943,0.2515428261156062,0.15775997094646277,0.4375961777551194,0.21534690272104068,0.6096909385915736,0.2679483958095023,2,0.14073052527000196,7,94.5975918935528,22.927844690387644,144,48.064550706321086,18.0,2.514778013515447,2.9425058113815754,22.10874429454439,2.7183786437240034,0.15033410403667538,0.15612743113699767,4.475697466679797,25.538699750049823,21.002481862996923,53.63899758397617,3.8506444914326066,3.8599599683755725,0.870606922120467,0.6968151431101874,1.0523036515094237,2938.8711078171013,sample_0095,94,6056.133388996457,865.1619127137795,20.597540679671027,17820.20769162407,3301.609635415821,3396.2072273093736,0.5607880489356507,True,230.4,8.051701665252333,0.3354875693855139,1.94619031011651,3.835466187775164,6.168743560870449,0.55,19972233.732615735,9943001.4708349,19972233.732615735,9943001.4708349,19972233.732615735,9943001.4708349,5186724.917621569,2575933.8315156978,79659.3382512678,48382.23438638086,13181.521658578164,7903881.843433493,568009.274547772,652429.0815013482,8556310.924934842,1412.8339611014878
0.10542038333822859,0.322926853862952,0.2646924878090483,1.2146584523981223,1.600384659406846,1.7138328032522818,1.9078069802106719,0.7803107192140376,0.22709926992193763,0.2750446466891199,0.28635092438498044,0.2009031111007075,0.3924854406488853,0.4793700956657803,1,0.0819037715057448,12,124.56464614972413,23.054290810768357,168,41.59202084877407,14.041843584007989,2.962005708149498,3.0714607914771337,7.834940630590403,2.822036410291962,0.09162451090826712,0.2251658512947703,4.87293180990523,25.874656215567363,20.495851419795148,54.5484895025879,3.951841666446734,3.628235398585307,0.8732663266748341,0.5779330917018806,0.5232748487216946,2643.053329972042,sample_0096,95,7008.343813215417,584.0286511012847,36.85752949772561,21525.853235482497,3873.120856209084,3997.685502358808,0.5704180058661643,True,268.8,7.241241999923402,0.3017184166634751,1.1115407700758524,4.263360699238429,3.4657733627525924,0.65,17079886.742892526,11317747.453437265,17079886.742892526,11317747.453437265,17079886.742892526,11317747.453437265,4322006.847569317,3119353.1317869266,90263.39399178982,52273.78389403597,8585.534726420934,7592482.69196849,413390.43369952956,473384.14533125353,8065866.837299744,1150.8948550854752
0.08671906341760388,0.3213147918336212,0.2744707928102227,1.3472598213850167,1.8349246825247534,1.4339780802867992,1.6180277023722107,0.31701572205363665,0.25882515988846555,0.3950484243540645,0.4032184615047529,0.4139777300909448,0.24996704352424587,0.3113945670514252,1,0.12162260934731076,11,118.16335844748266,29.79660100987497,188,42.280026498001305,15.970541166559705,2.647375944061954,2.8026803544363426,11.267898297964665,2.6340408821173575,0.1976556970421112,0.18140657705502178,6.111676622509211,24.366752293713656,19.59965063409993,52.39232391595344,4.864376705055823,3.8634690993369585,0.9053782073097877,0.6521662296469163,1.1320465150519141,2143.6325464187944,sample_0100,99,7427.583940805216,675.2349037095651,30.82948389879977,20817.14359182165,5601.760989856494,5719.924348303977,0.7700921852771262,True,300.8,5.872965880599437,0.2447069116916432,2.984417684782232,3.7236120245455497,2.36133524487556,0.65,15075330.252297523,8951337.628270628,15075330.252297523,8951337.628270628,15075330.252297523,8951337.628270628,3099128.8640595777,2316917.101732958,97310.18043654278,41939.22704811499,12909.998605145505,5568205.371882339,943537.6040663478,1042147.4654994687,6610352.837381808,889.9734947546331
0.06838198915020083,0.3464159239341078,0.2932445614253648,1.2238696395752298,1.9121577499404938,1.8647231630395942,1.9992558811081405,0.3369200051117408,0.29460834323613194,0.2964414577812361,0.48714760424681053,0.2814730559592014,0.22375462341372288,0.4548046237322474,2,0.12237637242311954,11,103.3590706140308,23.870340415745407,178,36.77249568703115,17.384451569612963,2.115251984785496,2.8458274064246907,72.65377517807515,3.4716355164398713,0.18892026387307367,0.08182779137792084,6.545604434883508,24.970465797513466,21.919073269551905,47.909996096540425,3.3603318012191776,3.3429634189914443,0.8205449920278067,0.6088103972836195,0.6675842800691655,2851.054289800655,sample_0107,106,7031.966374014942,639.2696703649947,31.304101470671597,20011.76262822858,4248.920594002682,4352.2796646167135,0.6189278266033224,True,284.8,7.811107643289466,0.32546281847039443,2.798063590252963,3.2543370001523977,3.203347329636891,0.55,19577353.98472862,11754920.436558474,19577353.98472862,11754920.436558474,19577353.98472862,11754920.436558474,5826018.12643194,3516317.399639651,131229.66765531598,69601.1467810159,10427.101966374277,9553593.442474296,751512.0471239062,915869.3970780324,10469462.839552328,1488.8385812309748
0.06468828075085102,0.38932975360120364,0.2992627919775537,1.9204687466024057,1.1838125541260562,1.1438575513473264,1.781389473494907,0.6723568849689414,0.24218751655746437,0.3730777120012525,0.5455144397421409,0.3444075194087136,0.27069303946601814,0.39123576954371064,2,0.09327511941106922,10,144.32741949366624,28.459048705225204,208,43.860499512645305,15.682351949936782,2.796806222221158,3.2193778006796303,78.74126723227769,2.6019688409829005,0.1352244594573092,0.24110938492142753,6.370569784542717,25.28293160826154,20.78506495299062,50.2352469954843,4.4721094672039285,4.014444415324534,0.8339023557696085,0.5800106100996683,1.0122110448008712,2510.5059155383155,sample_0110,109,6878.3579005733445,687.8357900573344,32.1937780067963,22144.032730235172,5919.4821306868425,6063.809550180509,0.8815780798023117,True,332.8,6.878098398735111,0.28658743328062963,1.317305361714551,3.9890319757778587,2.510406703032002,0.55,17215105.47439895,10493819.853002982,17215105.47439895,10493819.853002982,17215105.47439895,10493819.853002982,3849437.407703316,2614015.4819293083,110008.00685457153,44931.2095738662,16169.695703505991,6634561.801764566,672985.1474412631,807031.1143565065,7441592.916121073,1081.8850986949633
0.09680059796428246,0.5787920518010414,0.2697439790332683,1.177006201513926,0.8024567755484857,1.6929818184065488,1.623658430458383,0.7692130855366685,0.2651296436240298,0.253717238304314,0.2483255058791471,0.31209986904264186,0.46724357781700715,0.5634388937468784,2,0.09052965297806567,8,107.24601473226673,25.971194382097348,146,43.159923788849184,18.0,2.3874053478237895,2.955866512001231,68.23829743471647,3.389206768290232,0.08297376053113753,0.14140696151250146,4.012644830137723,24.822216974052488,20.03802988217673,47.212669951797245,4.389805772119413,2.9272686678739332,0.9087455804671852,0.6005533417159624,1.1127827226522082,2843.1219701393566,sample_0116,115,6215.029025594283,776.8786281992853,23.64693209600985,18370.796167869783,3791.7943797862126,3899.0403945184794,0.627356747404032,True,233.60000000000002,7.789375260655771,0.3245573025273238,1.1300298861300768,3.6317396905570534,3.7713955736053624,0.55,20373097.362651017,10243861.645869054,20373097.362651017,10243861.645869054,20373097.362651017,10243861.645869054,4641001.9987774575,3499460.6946376194,70903.77750140648,59887.57360238723,16129.875143087416,8287383.919661959,264990.2669157577,291600.0612399418,8578983.9809019,1380.3610482867498
0.10238398764130646,0.4330545917405346,0.28968845737126486,1.6104619120457135,1.0760804595444675,1.5700898074465333,0.9398004658352137,0.2821149697833344,0.36392855175568906,0.3609777520809746,0.42026064353905035,0.360033430012378,0.2768056879771538,0.4850667984472892,2,0.1281365435749054,9,127.84962902623391,25.354558902191165,132,35.04150524824119,13.561357031113415,2.5839232141626027,2.9351534733230666,82.06263396165126,3.513252995069625,0.11872351018377708,0.22312057667902224,6.747258072720338,25.026690792201855,21.65207285246296,46.58674893470972,3.617270662732502,2.365528010350765,0.8652881236581934,0.6307965444454691,0.889730206955582,2024.7348381416405,sample_0122,121,4276.8932722112995,475.21036357903324,26.4163812599076,12553.338142963052,3346.8017750892336,3474.6514041154674,0.8124241553306178,True,211.20000000000002,5.547218734634631,0.23113411394310965,3.3746541556018976,2.6077921014323593,2.6002538293154416,0.55,8847851.56720937,5055683.232516006,8847851.56720937,5055683.232516006,8847851.56720937,5055683.232516006,2446002.0806199955,2137232.4531326685,58428.38602460946,30423.27712763502,5975.09978335259,4678061.2966882605,336143.84115914424,388476.1988157461,5066537.495504007,1184.630331652965
0.11593583688253027,0.5984229325163148,0.29121653540648523,1.7588372443233653,1.0019314028362043,1.1984577847568956,1.960960333161441,0.4888412954502385,0.2644415045691368,0.38682116663136223,0.5706485013924705,0.28298444310582516,0.2493421397761583,0.5479926341744776,1,0.12750925031968213,11,124.30648960020139,23.46734159430339,182,39.32425537114397,15.695464104359507,2.5054534934217987,3.2781351391101605,19.49319012883581,2.7471284879344986,0.13620815652749896,0.10495741103076178,5.856858507452106,24.287743620143697,21.343312922269845,49.38570375255815,4.399284126978481,2.6396356805269017,0.9217619343082906,0.5667871535667366,0.9239589016831287,2219.4459780248367,sample_0125,124,6789.336824693024,617.2124386084568,36.059486530211764,22256.363616280803,4271.056170163217,4395.362659763418,0.6473920462713458,True,291.2,6.080673912396813,0.25336141301653387,1.8756536902819718,3.6415546452487964,2.415173941510271,0.65,18022629.082983267,8969364.169657053,18022629.082983267,8969364.169657053,18022629.082983267,8969364.169657053,4096718.5939321406,3397955.34505984,88254.46078209493,41395.28777984118,13420.855239620514,7637744.5427935375,578844.6060587417,627976.2534272136,8265720.7962207515,1217.4562861807171
0.07922270932758695,0.5116482576152488,0.2126995753117965,1.5653753323970006,1.7184831601489394,0.872960395434817,0.9807253192925802,0.47651882942864054,0.269206240105174,0.15173850164535505,0.34977151065255174,0.3845973674986659,0.33591799350324003,0.5464425533664385,1,0.13115192536079615,9,142.4663216973833,28.095400489482014,156,44.007820187130115,16.05786422403877,2.7405774250631665,3.1555925243266674,37.24166567091412,2.9038694187529295,0.12627863710286963,0.15701174201867027,5.676313229852516,24.710011084512455,20.091555214956408,54.95846825865085,3.158408822529095,3.920197553747241,0.916703409752116,0.6261837335839123,0.9040450257663124,2454.3985714242194,sample_0133,132,6360.04441224763,706.6716013608478,28.400332718940007,20069.708601674214,4382.882476359194,4525.348798056577,0.7115278612429258,True,249.60000000000002,6.724379647737588,0.2801824853223995,1.928552960014252,3.574624146934031,6.4202851890366714,0.65,17144304.046624437,8668322.118051937,17144304.046624437,8668322.118051937,17144304.046624437,8668322.118051937,5428145.946254082,2211195.2265686346,88607.72587201964,45329.64531833736,11852.86083087259,7785131.404843946,534530.9871254407,583101.3405633369,8368232.745407283,1315.7506776670389
0.07066943170028704,0.40888647121310323,0.24315855267202569,1.9572302514537374,0.9307424213100394,0.8512943021066999,1.528561423151951,0.3682531260889229,0.3687175922148863,0.2862496069754449,0.6492116740368914,0.388292304540247,0.3577613662187781,0.3599466892676811,2,0.1376998874373299,12,136.78894019319674,27.26749555728863,187,41.20721428526067,14.379469301011534,2.8656978517532576,3.294373727409777,32.86605416090181,3.5402030532929736,0.15448353032312373,0.24893333423176783,4.372431925866349,25.324931730337823,21.38330925900508,48.46869755613773,4.361251009294435,3.8763748111819627,0.8517404797324515,0.6209499812531617,0.5042491161249228,2042.042561629602,sample_0145,144,7110.4544735413165,592.5378727951097,39.532484728917325,23424.49440757783,5099.021669212973,5235.81060940617,0.7363538616116767,True,299.2,5.594637155149594,0.23310988146456643,2.5455234515470964,2.5721027613382934,3.323454578212861,0.55,14739134.892898254,8551755.837693779,14739134.892898254,8551755.837693779,14739134.892898254,8551755.837693779,3379565.831337637,2206122.0223145103,63487.05861739307,51403.219666444966,6473.993999369294,5707052.125935355,656556.6045829953,770841.1425851601,6477893.268520515,911.0378658108814
0.10494636066447145,0.39943653285851766,0.20913257517300754,1.7073876198055906,1.9816461453776602,0.8221780494973409,0.8754723586366909,0.607005627803564,0.22822408266104374,0.184911088080218,0.41799526111323415,0.3016641315464457,0.2691592119623897,0.481899336843171,2,0.09555305393143478,10,138.8710600128296,25.20864193679178,167,36.978296448943425,12.633091505905812,2.927097965819098,3.004796838265131,9.254428072146625,3.893629542388464,0.07968163317253593,0.0855718343047282,6.676138393770437,25.1963961813967,19.730668884471402,46.18985401084692,3.3008812841733297,2.8920053421757306,0.8725633802561198,0.6064399563427811,0.9080351422803716,2449.923016725197,sample_0149,148,4671.502027720142,467.1502027720142,30.04796838265131,14036.91452284263,4209.843203444227,4348.714263457056,0.9309027883649197,True,267.2,6.712117854041636,0.2796715772517348,1.4774311838235785,4.241658536383255,5.238004519264852,0.55,11309292.750464937,6492207.109991817,11309292.750464937,6492207.109991817,11309292.750464937,6492207.109991817,3426143.43772052,2244880.7460042797,76407.20448428256,44561.890584670924,8581.983824806659,5800575.26261856,281836.74236782215,322998.59098498477,6123573.853603546,1310.836175873837
0.0922828370047561,0.38644214639904606,0.2567136479320334,0.9975002646776925,1.555425428888841,0.9811977378111049,1.805050342464092,0.35108585175632034,0.2983142169708006,0.15033844877644603,0.5216007031742977,0.2123543992300835,0.5901134104212713,0.6463843135974491,2,0.11451890768156059,13,119.36186189780264,27.654466127529528,184,35.333535351984864,12.752214864139223,2.770776349710595,3.1854120962605403,10.606666906800701,3.737749426071154,0.1475141582878852,0.10029013657439452,5.194484292927513,25.573996785299535,19.073727432856277,46.63086722480929,3.377388279159834,3.4804794977903333,0.9009824692151595,0.6266779968560894,0.6036465312277074,2649.3409396479055,sample_0161,160,5857.550851336211,450.5808347181701,41.410357251387026,18658.71333630759,5088.421767465433,5207.783629363235,0.8890718598158218,True,294.40000000000003,7.258468327802481,0.3024361803251034,2.678306176388088,3.2121701049128384,6.481658362439303,0.55,15689405.000087561,8301870.548474365,15689405.000087561,8301870.548474365,15689405.000087561,8301870.548474365,4645425.311889365,2385266.327166992,80611.3799143053,58004.82242669147,7936.089472473406,7177243.930869827,583004.8907988511,647076.8419131432,7824320.77278297,1335.7665979114981
0.051384549197887694,0.419022710154197,0.27210589047900013,1.5131077136360962,1.9432403075783808,0.9620613845997054,0.8689644799194509,0.33387960948366424,0.4055515080203448,0.3385174945370841,0.3144188812639567,0.4229033067136061,0.6198595246777121,0.4063477100865152,1,0.13465388232598752,17,121.38750590657084,28.824720457640055,228,38.656424149948236,18.0,2.1023330599958254,3.0182609557626146,66.96202801727468,3.7567273078942556,0.06878874152079602,0.11636641772328246,6.256524258306218,24.898540643132183,19.84735376240022,47.0943284244317,3.7451445759114486,4.146884009451245,0.907456039910147,0.6906746879804175,1.0708222340701348,2222.550322000218,sample_0164,163,11828.865789884161,695.8156346990683,51.31043624796445,35702.603764563464,6572.036264341932,6693.423770248503,0.5658550776670915,True,364.8,6.089178964384159,0.25371579018267326,2.8250915587402083,2.3257780336741694,2.7840570757428065,0.65,27147408.008991063,14518275.420526864,27147408.008991063,14518275.420526864,27147408.008991063,14518275.420526864,7248694.264996232,3501008.3203287036,164485.58356725605,98765.29811606937,20504.259162624265,11033457.726170884,341814.1790090018,376672.98907707643,11410130.71524796,964.6005726944425
0.0808635253836431,0.2741051083124045,0.26082395860268287,1.0335494637162008,1.583475513231071,1.6959878006775506,0.8609709977953437,0.6004437339925524,0.20419990916300867,0.3222784161529788,0.2831662864139748,0.23276038981852837,0.5101241640332571,0.23579486854505133,2,0.09961276752257929,11,106.11747695455945,24.60667041836144,223,36.24279557544278,15.686557745567393,2.3104365000462916,3.0752005564615943,76.20710133315436,3.4516694489479547,0.1296624650472392,0.21579147088870954,6.641726265052233,24.198615972009836,20.27418534586209,49.2647785483225,3.8754671392503184,2.4716163511239695,0.8466014907397399,0.5673991929005442,0.8638693283650454,2494.8596499404302,sample_0165,164,6253.771762204753,568.5247056549775,33.82720612107754,19231.602403115863,5487.287503294601,5593.404980249161,0.8944050395400452,True,356.8,6.8352319176450145,0.2848013299018756,1.4954349831426563,4.75716182587388,2.9329071445024137,0.55,13746072.152216077,8841434.829482827,13746072.152216077,8841434.829482827,13746072.152216077,8841434.829482827,3546945.866989123,3577187.3840623274,103626.09166320789,53853.92297629751,12175.019948100515,7293788.285639056,672785.5211786849,794689.7430936735,8088478.028732729,1293.375955549928
0.09288853948689413,0.3406127402430589,0.26570314064649675,1.963845098034731,0.8237876627458222,1.6476371090229684,1.3807390090250462,0.668944852909933,0.28156259729812405,0.19617583604284378,0.5132680536024554,0.3996644734775484,0.5658735215940505,0.38655506181733557,3,0.12215374492478598,9,95.41100581618403,24.506619769602374,193,48.97102340892015,18.0,2.070460989736188,3.0425224254874346,54.39074546158328,3.716529877059313,0.18823685395153675,0.1602022825010483,6.770817085626427,24.810348517283717,19.791933667931648,53.22502123108208,3.534785128871808,3.2883817065516396,0.8305803562654833,0.5949333496268648,0.5500741577740365,2895.7569225185466,sample_0166,165,7933.305792245064,881.4784213605627,27.38270182938691,24137.260781154968,4729.7776155332585,4825.188621349443,0.6082191645840934,True,308.8,7.933580609639853,0.3305658587349939,1.3248915379944488,3.4116080956632895,4.927467762449628,0.45,22681479.331697874,12894915.345517624,22681479.331697874,12894915.345517624,22681479.331697874,12894915.345517624,6416650.0946373185,3921356.003114332,155545.47422314077,85379.56274418804,10770.89428810437,10589702.029007083,943016.453844139,1135370.5234303868,11725072.55243747,1477.955452555342
0.07270696937025925,0.2577226355266396,0.2347471720551799,1.4315428004941069,1.490646162630609,1.56651990885541,1.5384620480800675,0.7958255226254762,0.2259264563522686,0.2626927677023717,0.5914200576844347,0.3593006132781588,0.3446263515461826,0.3456200502038987,1,0.1233159004028247,10,129.32250926265863,23.313602896325264,210,39.51094583654014,14.549496973029392,2.7156228088010286,2.994425671183468,15.09637122063246,3.8773544919680476,0.06341731164136984,0.11659733672140873,6.063427325638717,25.883096687386438,21.70637098485004,45.57491420415739,3.2538342237644313,3.091016576937976,0.9384954469557988,0.6118506399404086,1.145241849137669,2236.968028597455,sample_0173,172,5748.64386850269,574.8643868502689,29.94425671183468,17213.886774335893,4895.856608228305,5025.179117490964,0.8741503617965185,True,336.0,6.1286795304039865,0.2553616471001661,1.0865568350973966,4.286219116369364,3.636728326578789,0.65,11359907.577679574,7957696.534567394,11359907.577679574,7957696.534567394,11359907.577679574,7957696.534567394,3491237.351525872,2574459.352285471,77972.84100787972,49860.9662649112,12012.662058863556,6205543.173142998,276504.33199337445,294625.1182041134,6500168.291347111,1130.7307323318614
0.07710471645605896,0.394417895408859,0.20877446630427277,1.2316472620305978,1.8746457373762606,1.797091102949508,1.2772624931316328,0.5242315400750215,0.4095713492419668,0.38984604926765887,0.6213759730820622,0.40430416267930647,0.44922326729864404,0.5495982374628252,3,0.14400716170258332,9,110.27704441267726,28.593328111447047,147,47.779551705608895,18.0,2.619226380504956,3.0478591282109155,3.4598756534984796,3.29777249959691,0.11346125884702735,0.11498670475575476,4.753901580531528,25.821594235665618,21.46562177815524,54.4275271419743,4.96606433478687,4.186209702333386,0.941278044486359,0.6114030180608847,1.1355161457014888,2298.052775463987,sample_0177,176,7740.287376308642,860.0319307009602,27.43073215389824,23591.305534858013,4203.219232382716,4313.496276795393,0.5572785695267697,True,235.20000000000002,6.296035001271197,0.2623347917196332,1.7375540549446766,2.3015770337715185,2.3951151316745145,0.45,18379719.008918222,10985649.591790369,18379719.008918222,10985649.591790369,18379719.008918222,10985649.591790369,3701063.411557078,2624247.319876734,84560.44692857924,58659.42146903124,16781.333124016986,6485311.93295544,446554.0599466773,474412.4890221518,6959724.421977592,899.1558172994731
0.07788896299073685,0.25587494543249256,0.217083965796276,1.4511450196439033,1.4670815090600131,0.9116485419400019,1.7459089659284255,0.438146781278834,0.39566914197788194,0.18252861009942364,0.4643381237970616,0.43451853496385495,0.2261113995279608,0.2370171351111205,2,0.08639698268931227,14,87.91554946471616,27.895321070024927,215,35.25084838114137,14.460493150103963,2.4377348694285668,3.26570186752323,25.75878489809781,2.7336530435244066,0.10243763781542778,0.08397201796158463,4.229284868477582,25.994181951408596,19.185522976804723,50.572223854644704,4.812273069767961,3.818099591115079,0.939888787113718,0.6818814236582922,0.7120746182124815,2206.6800308829197,sample_0179,178,7136.4251217118735,509.7446515508481,45.71982614532522,23305.43684741416,5997.494030055359,6085.409579520076,0.8527252056503491,True,344.0,6.045698714747725,0.2519041131144885,2.112340171668649,2.387364138131096,5.308593188516027,0.55,13354921.155307686,8638206.434999652,13354921.155307686,8638206.434999652,13354921.155307686,8638206.434999652,2775179.413489026,2262436.1226986377,66601.96104466762,43049.04000944922,8950.80321028507,5156217.340452066,532008.537921009,566033.4980213364,5722250.838473402,801.8371580840966
0.0952627446972524,0.33380974518054884,0.2734685543788402,1.6900869283682518,1.541613351673146,1.3951890497807038,1.322376132176172,0.5388681387522355,0.31696800893263233,0.1534195909696562,0.5968806190878294,0.4054647588425897,0.24359972389382922,0.2847759981191325,1,0.10827649830641103,10,147.85663487897585,27.282948667157136,143,42.45486066955728,15.011266762291283,2.8281997343625296,3.2136822547770687,12.28689735143618,2.970121227290063,0.17656564360860494,0.16345546257721716,4.528819665020796,25.861915505885072,21.505189897545584,46.28148362625319,3.0025290873706423,3.3939721543289805,0.8884667069013061,0.5629450945713753,0.581375940390688,2870.571274253526,sample_0182,181,6373.012388666326,637.3012388666326,32.136822547770684,20480.83682293139,3901.4616594034705,4049.3182942824465,0.6353852852198587,True,228.8,7.864578833571304,0.3276907847321377,1.6857415591790759,3.014892518546052,6.3480723901016205,0.65,17133225.480033077,10885675.432538552,17133225.480033077,10885675.432538552,17133225.480033077,10885675.432538552,5706264.612755804,3207355.552005332,82851.07064095621,54335.95104592944,10119.424103595506,9060926.610551618,536338.721424941,603667.7764724833,9664594.3870241,1516.4876196085038
0.11557550373342029,0.3295056682725049,0.21083125998846278,1.0811159923973868,0.9442524810033877,1.0184936453156683,1.1919253198005677,0.427288790928509,0.41399183344044227,0.30762952493806484,0.3431389012769054,0.31538746835971176,0.21973275315977062,0.5135333261438855,2,0.14859762644020952,9,131.14604545906144,25.108366537986157,197,49.82621542440826,18.0,2.725743704869128,3.00923850912168,4.747256872025625,3.7100080962465753,0.0781086727116593,0.192691002186612,5.6903588509395755,24.093232256941352,19.087960459149095,53.888363426044954,4.882886237962476,2.988437756302759,0.8411756874795441,0.6597153394584305,0.976820860654495,2279.5255941066416,sample_0188,187,8071.846898754138,896.8718776393487,27.083146582095118,24290.112527465357,4946.348207983273,5077.494253442334,0.6290374826393236,True,315.20000000000005,6.245275600292169,0.26021981667884037,2.1703375450757214,2.2755065854550534,3.080663278179591,0.55,16972333.231467422,10171436.88332002,16972333.231467422,10171436.88332002,16972333.231467422,10171436.88332002,3475881.3546615853,3403596.6992680277,104702.49814000638,68264.08069721759,13664.101913390823,7066108.734680228,406344.8138056095,483067.7108882692,7549176.445568497,935.2477246234299
0.10056231756274227,0.27131011426539065,0.23122581757881,0.8651246406813253,1.6995246826935615,1.6702566851047438,0.8994451846614105,0.46353606822653237,0.26830462114403963,0.38327633198565564,0.33962375713723775,0.32992161926574604,0.3549821121033898,0.21622328409016583,2,0.11285501213471366,11,97.77151797810227,28.38956757049159,191,36.70879320962471,16.794807044936377,2.185722831551815,3.0627544104255753,28.624538685310405,3.4351043970557233,0.06490009740625448,0.09889606061671664,5.581939718786387,25.557452285673104,20.705180418206723,52.27423178255853,4.844579170802093,3.0198632135572634,0.9363763899445735,0.6988182953144862,1.0019379461445679,2353.942644331231,sample_0195,194,6781.688086889295,616.5170988081177,33.69029851468133,20770.64509825077,5422.407405963893,5520.178923941996,0.8139830162071132,True,305.6,6.449157929674605,0.2687149137364419,1.9873294260055188,3.5871068822297656,2.4390836207371804,0.55,13580661.787204525,9075173.215161871,13580661.787204525,9075173.215161871,13580661.787204525,9075173.215161871,2803269.6563313757,3005160.3577341256,89108.43781669058,54836.992511526296,11683.451763402089,5964058.89615712,313759.57472472865,335078.4770890057,6299137.373246126,928.8450445581447
0.08133455966674755,0.44514398857058346,0.23338003593362674,1.4221150003285548,0.9654896626720191,1.1803809258205304,1.4782650847638956,0.6995191673238227,0.362836045113071,0.33274124862200555,0.2987446067270558,0.3054335941655576,0.6309152508794276,0.46646203037994227,2,0.1486328244922084,13,128.9987813267104,27.15148833631834,228,38.24140216120401,16.141651667642794,2.3691133316835162,2.8979650726117026,86.69093630768741,3.6065435734278015,0.19552888537627555,0.11440682682452497,6.857797862967569,25.977254159973377,20.16363165943759,49.30458314250728,3.0149710586352074,3.7408361358957762,0.9223424174189183,0.586173387030052,0.782472430416191,2771.047932549778,sample_0197,196,8024.632108589166,617.2793929683974,37.673545943952135,23255.1035712498,6190.5393406805815,6319.538122007292,0.7875174882152135,True,364.8,7.591912143971995,0.3163296726654998,1.2595533942632886,2.6160657588150285,2.8353382444807775,0.55,22780547.661668327,13068045.772273198,22780547.661668327,13068045.772273198,22780547.661668327,13068045.772273198,7555809.730386082,3493348.892478002,152494.38373900097,80197.41185835065,14336.858975252,11296187.277436687,1038502.3609506534,1125940.1512258288,12422127.428662516,1547.9996167508402
0.09438373509275208,0.34409713012213616,0.23260974333021187,1.7913722729542894,1.3497023660875174,1.3209658137104936,0.8173345496896193,0.26626039439187027,0.34201090093637576,0.21369307195834858,0.6357493211664658,0.2912980834468236,0.5633581146148774,0.44339904952212084,2,0.1422061724261566,9,86.16575683607309,24.294063754862066,232,41.0336909182752,18.0,2.0223402577202396,3.1348634070016725,21.09943355665829,3.122446216712108,0.1034810529709045,0.17037941163543535,6.575525053523009,25.21778838580793,20.80475385098263,54.55402339676074,3.797008609089479,4.106784408906132,0.844144743528624,0.6468299681380871,0.5458008720160957,2293.5342289599666,sample_0199,198,6647.457928760581,738.6064365289535,28.213770663015055,20838.872610454677,5636.222791127999,5722.388547964072,0.860838625725761,True,371.20000000000005,6.2836554218081275,0.261818975908672,3.585721921331808,2.7838834120846627,4.509608893426888,0.55,14914101.589488598,8275403.864885279,14914101.589488598,8275403.864885279,14914101.589488598,8275403.864885279,3927855.6160727255,2015056.803794939,100251.58789730891,47605.35300243735,6721.5941727164945,6097490.954940127,644835.6811099334,763892.3135556643,6861383.268495792,1032.1815259348466
0.10700789060134128,0.4924800042490025,0.2948521175674294,1.6946967999991291,1.5017801903491788,1.7801967171821824,1.6405629118055112,0.5828141564912833,0.31418733675087746,0.342562596303722,0.33707976620909363,0.2545509020675047,0.24048039193101486,0.5532923365125706,2,0.10239018160531313,16,141.47156067706277,24.749658481328364,212,35.51296366975461,16.61636878692396,2.1372277015000467,3.206556520571487,50.78442610721998,3.1300173152053024,0.17716740971535494,0.1892765251023172,5.179433086651709,24.90094271769369,20.39768212287714,49.009440710581586,3.813838015270376,2.221120434173042,0.8503554690581206,0.6394722203986275,0.8975844329016284,2557.0000059572017,sample_0200,199,9441.544016852402,590.0965010532751,51.304904329143795,30274.84453150078,5246.927598041613,5388.399158718676,0.5707116493976847,True,339.20000000000005,7.005479468375895,0.2918949778489956,1.5458128176232044,3.0428144645845827,2.7491745123083504,0.55,26247151.732261825,14172911.346195577,26247151.732261825,14172911.346195577,26247151.732261825,14172911.346195577,6882083.514603877,6380973.822102706,125042.01915801564,75564.9660001372,18109.857344719792,13481774.179209456,867418.6526828439,1020065.9421213847,14501840.12133084,1535.9606538343955
